COD_USUARIO,tipo_puesto
E000170,GP
E000501,AF
E000531,AF
E000545,AF
E000558,AF
E000575,AF
E000766,AF
E000839,GP
E001223,AF
E017652,AF
E017834,GD
E017873,AF
E017941,GD
E018089,GP
E018296,AFR
E018300,GP
E018439,AF
E018543,DO3
E018550,GP
E018722,GP
E018723,GP
E018732,AF
E018734,AF
E018745,AF
E018755,GP
E018759,AF
E018784,GD
E018790,DC
E018795,GD
E018800,GP
E018808,AF
E018811,DO3
E018812,AF
E018814,GP
E018832,AF
E018876,GD
E018880,AF
E018881,GP
E018885,AF
E018886,GP
E018888,AF
E018890,GP
E018900,AF
E018901,AF
E018905,GD
E018910,GP
E018932,AF
E018945,GP
E018959,AF
E018961,DO3
E018962,AF
E018968,GP
E018988,GD
E019000,AF
E019004,AF
E019018,AF
E019019,AF
E019021,AF
E019050,AF
E019057,GP
E019085,AF
E019095,DO3
E019111,DO3
E019116,AF
E019117,GP
E019121,GP
E019127,AF
E019130,GP
E019131,GP
E019132,GP
E019133,AF
E019137,AP
E019213,DO2
E019285,GP
E019290,AP
E019292,GP
E019298,GP
E019470,AF
E019491,AF
E019499,GD
E019500,GP
E019507,GP
E019512,AF
E020184,AF
E020188,AP
E020193,GP
E020198,DGR
E020229,DC
E020271,GD
E020289,GP
E020291,AF
E020639,GP
E020651,GD
E020676,GD
E020678,GD
E020878,AF
E020880,GP
E020927,GD
E020973,GP
E020976,AP
E020979,AF
E020988,AF
E021019,AF
E021020,AF
E021022,AF
E021026,GP
E021027,GP
E021028,AF
E021029,AF
E021031,AF
E021032,AF
E021037,GP
E021039,GP
E021044,GP
E021224,GP
E021239,GD
E021485,DO3
E021521,DO2
E021531,DO2
E021691,GP
E021735,AF
E021777,GD
E021791,GD
E021848,GD
E021899,AF
E021920,GP
E021940,GP
E021945,AF
E021946,AF
E021954,GP
E021958,AF
E021962,GP
E021977,AF
E021980,GP
E021991,GD
E022426,AF
E022440,GP
E022472,AF
E022480,AF
E022484,GP
E022497,GP
E022503,GP
E022504,GP
E022507,GP
E022515,AF
E022527,GP
E022529,AF
E022535,DO3
E022537,GP
E022538,GP
E022664,GD
E023332,GP
E023337,AF
E023343,GP
E023639,AF
E023641,GP
E023643,DGR
E023651,DGR
E023657,AF
E023658,AF
E023662,GP
E023982,GD
E024050,DCBC
E024613,DO3
E024616,DO3
E024643,DO3
E024650,DO2
E024734,DCBC
E024743,DO3
E024792,AP
E024800,DO3
E024818,DO3
E024825,DO2
E024835,DO3
E024837,DO2
E024838,DO3
E024842,DO3
E024854,DO2
E024869,AP
E024882,DO2
E024893,AF
E024895,DO3
E024920,DO2
E024921,AF
E024936,DC
E024954,GP
E024958,DO2
E024959,AF
E024967,DCBC
E024968,AF
E024969,DO2
E024973,AF
E024977,DO3
E024986,AF
E024987,DO3
E024994,DO3
E024999,DO2
E025009,AF
E025011,DO2
E025024,AF
E025036,DO3
E025039,DO2
E025048,AF
E025049,DO3
E025062,DC
E025064,DO2
E025086,DCBC
E025087,DO3
E025108,AF
E025117,DO2
E025120,DO2
E025128,DC
E025131,AF
E025133,DO2
E025134,DO3
E025139,AF
E025142,AP
E025151,AF
E025154,DO2
E025159,DO3
E025164,AF
E025179,DO3
E025181,DCBC
E025182,DO3
E025184,DO2
E025188,AF
E025206,DO3
E025208,DC
E025219,DO3
E025232,GD
E025242,AP
E025246,DO2
E025248,DC
E025251,GD
E025270,DO3
E025271,AF
E025272,AF
E025273,AF
E025275,DO3
E025283,AF
E025292,DO3
E025295,DO2
E025296,DO3
E025299,DO2
E025309,DO3
E025312,GP
E025313,DC
E025330,GD
E025348,DO2
E025352,DO3
E025359,DO3
E025369,DO3
E025371,DCBC
E025372,AP
E025375,AF
E025381,DO2
E025384,DO3
E025394,DO3
E025402,DO3
E025404,DC
E025409,GP
E025413,DCBC
E025415,DC
E025423,DO2
E025440,DO3
E025447,DO3
E025449,AF
E025450,GP
E025453,DO2
E025455,DO3
E025457,DO3
E025464,DCBC
E025471,DO2
E025475,DCBC
E025482,DO2
E025490,AF
E025492,DC
E025494,DO2
E025498,DO2
E025502,DO3
E025513,AF
E025519,DO2
E025523,DO3
E025530,DO2
E025538,DCBC
E025542,AF
E025552,DO3
E025557,DO3
E025560,GP
E025561,DCBC
E025562,DCBC
E025569,GP
E025573,DO2
E025574,DO2
E025579,DCBC
E025589,DO3
E025594,DO2
E025597,DC
E025598,DO2
E025599,GP
E025610,DC
E025612,DO2
E025614,DO3
E025618,AF
E025621,DO2
E025627,AF
E025637,DCBC
E025639,DO2
E025640,DO3
E025646,AF
E025648,DO2
E025649,DO2
E025651,DCBC
E025655,DCBC
E025666,AP
E025668,DO3
E025669,DO2
E025670,AF
E025674,DO3
E025677,DO2
E025689,DO3
E025690,GP
E025692,DO2
E025693,DO3
E025698,GD
E025701,DO3
E025709,DO2
E025711,DC
E025712,DO2
E025718,DO3
E025724,AF
E025728,AF
E025732,DO2
E025733,AF
E025735,DO3
E025739,DO3
E025747,DO2
E025750,DO3
E025757,DO2
E025758,AF
E025759,DO3
E025760,AF
E025762,AF
E025764,DC
E025770,GP
E025778,DCBC
E025782,DO3
E025785,DO3
E025788,DGR
E025804,DGR
E025808,DO2
E025811,DO3
E025819,DCBC
E025821,DO3
E025825,DO2
E025828,AF
E025836,DO3
E025843,AP
E025844,DCBC
E025847,DO2
E025848,DO2
E025851,DO2
E025853,DO3
E025863,AF
E025871,DCBC
E025889,AF
E025898,DO2
E025902,DC
E025911,AP
E025912,GD
E025916,DC
E025918,DCBC
E025923,DC
E025925,DO3
E025926,DO3
E025951,DO3
E025952,DO3
E025980,DO3
E025984,AF
E025985,AF
E026009,GD
E026012,DCBC
E026023,DO3
E026027,DO3
E026031,DO2
E026035,DO3
E026036,DO2
E026039,DO2
E026042,DC
E026046,DO2
E026054,AF
E026061,AF
E026066,DO2
E026078,AF
E026086,DO2
E026087,AF
E026098,DC
E026110,DO2
E026115,DCBC
E026117,DO2
E026119,DC
E026127,DO3
E026136,DO3
E026143,GD
E026147,AF
E026178,DO3
E026183,GP
E026191,DO2
E026193,AFR
E026195,AF
E026197,AF
E026203,AF
E026209,DO2
E026217,DO2
E026222,DO3
E026223,DO2
E026231,GP
E026235,DO3
E026243,DO2
E026245,AF
E026246,DO2
E026252,AF
E026257,DO2
E026259,GD
E026262,DO3
E026280,AF
E026286,AF
E026288,AF
E026291,DC
E026300,GP
E026305,DC
E026309,AF
E026316,AP
E026321,GP
E026322,GP
E026324,AF
E026348,GP
E026361,DO3
E026363,GP
E026365,DO2
E026370,GD
E026376,DO3
E026401,AF
E026416,DO3
E026425,AF
E026427,GP
E026433,AF
E026435,AF
E026439,AF
E026451,DO3
E026458,GD
E026465,AF
E026468,DC
E026472,AF
E026476,GP
E026487,DO2
E026493,AP
E026496,AF
E026513,AF
E026522,AF
E026529,AF
E026536,AF
E026555,AF
E026562,DO3
E026563,GD
E026565,GD
E026569,GD
E026574,GD
E026576,DO2
E026587,DC
E026597,DO3
E026599,AF
E026611,DO3
E026632,AF
E026639,AF
E026645,AF
E026646,DO3
E026647,GD
E026650,AFR
E026652,GP
E026678,GP
E026684,GP
E026687,DO2
E026689,AF
E026707,AF
E026733,GP
E026745,GP
E026747,GD
E026749,DO3
E026759,GP
E026761,AFR
E026766,AF
E026769,AF
E026777,GP
E026786,DO2
E026789,GP
E026800,DO3
E026807,AF
E026808,AFR
E026821,GP
E026827,AF
E026833,GP
E026841,DC
E026845,AF
E026855,DC
E026862,GD
E026880,GD
E026901,DO3
E026911,AF
E026913,AF
E026921,AF
E026933,GD
E026944,GD
E026957,GP
E027020,GP
E027024,GD
E027031,AF
E027032,GP
E027038,AF
E027044,DO3
E027064,DO3
E027081,GP
E027091,AF
E027099,GP
E027102,AFR
E027136,DC
E027140,GP
E027153,AF
E027155,DO3
E027160,DO3
E027162,DO2
E027163,AP
E027182,AF
E027201,GP
E027202,AF
E027209,DO3
E027221,AP
E027226,DO3
E027238,DO3
E027260,GP
E027275,AF
E027301,GP
E027314,GP
E027337,GP
E027374,GP
E027382,GD
E027384,GD
E027392,GP
E027418,AF
E027420,AF
E027421,DO3
E027431,DO2
E027433,AF
E027444,AP
E027449,AF
E027450,AF
E027454,GD
E027459,AF
E027468,GD
E027475,GP
E027495,GD
E027500,AF
E027501,GD
E027538,GD
E027551,DO3
E027554,DO3
E027563,GP
E027564,GP
E027593,GP
E027603,GP
E027613,AF
E027621,AF
E027636,GD
E027639,AF
E027640,AFR
E027666,GD
E027667,GD
E027683,AF
E027691,DO3
E027693,AP
E027715,DO3
E027754,GP
E027759,AF
E027777,AP
E027786,GD
E027799,AFR
E027817,DO3
E027818,DCBC
E027840,DO3
E027841,DO3
E027853,DO2
E027886,AFR
E027892,DO3
E027896,DC
E027900,AF
E027903,AF
E027920,DO3
E028031,DCBC
E028766,AF
E028769,DC
E028770,GP
E028775,GP
E028793,GD
E028813,AF
E028820,GP
E028824,DC
E028836,GD
E028840,GD
E028841,GD
E028846,AFR
E028856,GP
E028857,GD
E028860,GP
E029251,AF
E029255,GD
E029258,GP
E029259,GD
E029282,GD
E029331,GD
E029430,DO3
E029775,GP
E030758,AP
E030760,GD
U037286,GP
U037797,DC
U038299,DO3
U039439,DO2
U040329,GD
U040560,DO2
U040763,GP
U040890,DCBC
U041448,DO2
U041592,DO2
U043041,AP
U043371,AF
U043547,GP
U045316,GD
U047195,DO2
U048318,DO3
U049135,DO2
U051890,AP
U052246,DCBC
U052859,DO2
U053452,DO2
U061966,DCBC
U063995,AP
U073209,AF
U073210,DO2
U073230,AF
U073244,DO3
U073247,DC
U073258,DO2
U073265,DO3
U073464,DO2
U073657,AP
U073684,DCBC
U073827,DO3
U073837,AF
U073854,AF
U073859,DO3
U073881,DO2
U073894,AF
U073895,DC
U073921,AF
U073973,DO2
U073980,DO3
U073986,DGR
U073993,DCBC
U074009,DCBC
U074013,DO3
U074115,AF
U074116,DCBC
U074265,DO2
U074332,DCBC
U074341,DC
U074344,DO2
U074346,AF
U074352,DO2
U074359,DCBC
U074426,AP
U074449,AF
U074649,DO2
U074670,DCBC
U074679,AP
U074701,GP
U074703,DO2
U074748,AF
U074769,DO2
U074799,GP
U074830,DCBC
U074831,DO2
U074873,DCBC
U074919,AP
U074924,DCBC
U074927,DCBC
U074930,DCBC
U074932,DCBC
U074934,DO2
U074935,DCBC
U074936,DCBC
U074939,AP
U074951,DO2
U074971,DO2
U074974,DCBC
U075047,DO2
U075053,DC
U075085,AP
U075117,DO2
U075166,DO3
U075191,DO2
U075193,DO2
U075194,DO2
U075195,DO2
U075223,DO2
U075229,DC
U075270,DO2
U075271,DC
U075275,DCBC
U075449,DCBC
U075455,DC
U075458,DCBC
U075514,DO3
U075515,DO2
U075516,GP
U075559,DO3
U075561,GD
U075562,DO3
U075565,DO2
U075567,DCBC
U075572,AF
U075582,DCBC
U075584,AP
U075593,DCBC
U075595,DO2
U075615,AF
U075664,DCBC
U075669,DO2
U075671,AF
U075726,DCBC
U075741,DO2
U075753,DCBC
U075771,DO2
U075773,AP
U075838,DCBC
U075840,DCBC
U075842,DO2
U075907,DCBC
U075908,DCBC
U075939,GP
U075942,DO3
U075943,DO2
U075945,DO3
U075980,DO2
U075985,DO2
U075993,AP
U075995,DO2
U076010,DO2
U076023,AF
U076044,AP
U076051,DO2
U076052,GD
U076055,DCBC
U076057,AP
U076061,DCBC
U076063,DO3
U076064,DCBC
U076066,DO3
U076097,DO2
U076107,DO2
U076195,AP
U076197,DO2
U076198,DCBC
U076208,AP
U076214,DO2
U076215,DO2
U076219,DCBC
U076220,DO2
U076223,DO2
U076224,DO2
U076233,DCBC
U076249,DCBC
U076278,DCBC
U076283,DCBC
U076295,DCBC
U076306,DO2
U076343,DO2
U076406,DCBC
U076412,DCBC
U076416,AP
U076425,DO3
U076432,DC
U076434,GD
U076445,DCBC
U076447,GP
U076468,DO3
U076469,AF
U076473,AF
U076478,GP
U076482,AP
U076488,DC
U076493,AF
U076594,DO3
U076623,DGR
U076624,AP
U076627,AP
U076630,AF
U076636,DO3
U076638,DO2
U076651,DO2
U076657,AF
U076672,DO2
U076676,DO2
U076680,DO3
U076777,DO2
U076801,DO3
U076814,AP
U076888,DO2
U076932,DO3
U076937,DO2
U076953,GP
U077024,DO2
U077026,DO3
U077028,DO2
U077044,DCBC
U077046,DO2
U077161,AF
U077170,AF
U077172,DO3
U077175,DCBC
U077226,DO2
U077289,DO2
U077290,GP
U077291,DO2
U077292,AF
U077303,DCBC
U077305,DO2
U077308,DO2
U077312,DCBC
U077314,GP
U077317,DO2
U077320,DO2
U077321,DCBC
U077322,DO3
U077324,DO3
U077325,DCBC
U077327,DO2
U077328,GP
U077331,DCBC
U077332,AP
U077336,DCBC
U077344,DCBC
U077360,DC
U077373,DCBC
U077378,AP
U077384,DO2
U077403,DO3
U077406,DO2
U077409,DO2
U077431,DO2
U077444,DO2
U077457,DO2
U077548,DC
U077553,DC
U077555,DO2
U077562,DC
U077565,DC
U077581,DO3
U077587,DCBC
U077674,DO2
U077679,DO2
U077748,DO2
U077749,DCBC
U077750,DO2
U077773,DO2
U077775,DO2
U077776,DO3
U077799,AF
U077847,DO2
U077852,DO2
U077854,DC
U077868,DCBC
U077870,DO3
U077894,DO3
U077901,DO2
U077916,DC
U078050,AP
U078056,DO2
U078126,DCBC
U078197,DCBC
U078247,AF
U078351,DCBC
U078475,DCBC
U078557,DO2
U078558,AF
U078561,DO2
U078562,DCBC
U078566,GP
U078683,DO2
U078684,DO2
U078713,DGR
U078714,DCBC
U078718,AF
U078728,AF
U078744,DO2
U078748,GP
U078751,AF
U078970,AF
U078973,DCBC
U078975,DO2
U078978,DO3
U078983,DCBC
U078984,DO2
U078985,DO2
U078986,DO2
U078993,DO2
U078997,DO2
U078998,DCBC
U078999,DO2
U079001,DO2
U079007,DO2
U079008,DO2
U079011,DC
U079100,DCBC
U079108,DC
U079111,DO2
U079116,GP
U079131,DCBC
U079135,DCBC
U079137,DCBC
U079139,DO2
U079142,DC
U079143,DO2
U079145,DO2
U079146,DC
U079149,AP
U079152,AP
U079163,DO2
U079176,DO2
U079205,DO2
U079340,DO2
U079344,AP
U079350,DO3
U079351,DO3
U079382,DC
U079392,AP
U079394,DC
U079395,DC
U079397,DCBC
U079511,DO2
U079512,DCBC
U079544,DCBC
U079546,DO3
U079588,GP
U079591,DO2
U079594,AF
U079612,DO2
U079617,DO2
U079622,AP
U079781,DO2
U079791,DCBC
U079800,DCBC
U079814,DO2
U079820,DO3
U079874,DO2
U079898,DCBC
U079917,DCBC
U079934,DO2
U079937,DC
U079939,DC
U079944,DO2
U079947,DO2
U079966,DO2
U079991,AF
U079995,GP
U080001,DO2
U080002,GP
U080005,DO2
U080007,DO2
U080031,DCBC
U080032,DO3
U080042,DO3
U080044,DO2
U080088,DO2
U080134,DCBC
U080171,DO2
U080186,DC
U080188,DCBC
U080197,DCBC
U080199,DO2
U080212,DO2
U080217,DO2
U080222,DO2
U080227,DCBC
U080234,DO3
U080238,DO2
U080239,DGR
U080291,DO3
U080300,AF
U080302,DO2
U080314,DO3
U080328,AF
U080329,DO3
U080330,DO2
U080359,DO2
U080364,DC
U080376,DCBC
U080393,GP
U080399,DO2
U080401,DO2
U080403,DCBC
U080407,DO3
U080414,DO3
U080423,DO2
U080440,DO3
U080445,DO2
U080449,DO2
U080450,DCBC
U080451,DCBC
U080455,DCBC
U080457,DCBC
U080459,DO2
U080472,DO3
U080506,AF
U080530,DO2
U080549,DO2
U080600,AP
U080635,DO2
U080655,DO2
U080683,DC
U080718,AP
U080719,DO2
U080720,AF
U080757,DO2
U080785,DO2
U080788,DO2
U080789,DO2
U080794,DO3
U080832,DC
U080843,DO2
U080850,AF
U080872,DO2
U080906,DCBC
U080921,DO2
U080966,DO2
U081002,DCBC
U081041,DCBC
U081050,AF
U081052,DO2
U081054,DO2
U081056,AP
U081066,DO3
U081068,DC
U081083,DO2
U081096,DCBC
U081101,DO3
U081105,DO3
U081126,DO3
U081158,DGR
U081180,DO3
U081220,DO3
U081355,AF
U081356,AP
U081564,DC
U081586,DO2
U081593,DO2
U081659,DO2
U081676,DO2
U081752,AP
U081757,DO3
U081760,DO3
U081763,DO2
U081765,DO3
U081771,DO2
U081773,AF
U081780,AP
U081784,DO3
U081788,AP
U081845,AF
U081917,DO2
U081976,DO2
U081979,DO2
U081989,DCBC
U081997,DO2
U081998,DO3
U082046,DO2
U082050,DO3
U082052,DC
U082053,DO3
U082063,DCBC
U082080,DCBC
U082085,DO3
U082088,GP
U082089,DO2
U082095,DO2
U082096,DO3
U082105,DO3
U082123,AP
U082127,DCBC
U082247,AF
U082249,AP
U082251,DO2
U082254,DO2
U082265,GP
U082271,DO2
U082280,DO3
U082282,DO2
U082285,DO2
U082286,DCBC
U082327,DO2
U082329,DC
U082335,GP
U082342,DC
U082343,AP
U082345,AF
U082346,DO2
U082355,AP
U082356,DCBC
U082357,DO2
U082367,DO3
U082368,DC
U082372,DO2
U082378,DO2
U082385,DO2
U082395,GP
U082414,AP
U082423,DO2
U082428,AF
U082430,DO2
U082437,AP
U082448,DO2
U082450,AP
U082452,DC
U082456,DGR
U082459,DO2
U082498,DCBC
U082509,DC
U082533,DO3
U082539,DO2
U082546,DCBC
U082553,DO2
U082557,DO2
U082577,DO2
U082583,AP
U082601,DCBC
U082605,DO3
U082611,DO2
U082658,DO3
U082659,DC
U082662,DO2
U082665,DCBC
U082669,DCBC
U082674,DCBC
U082682,DO2
U082685,AP
U082686,AP
U082688,DO2
U082698,AP
U082699,DC
U082700,DO2
U082720,DCBC
U082745,DO2
U082882,DCBC
U082890,DO2
U082891,DO2
U082892,DO2
U082901,DCBC
U082933,DO2
U083030,GP
U083051,DO3
U083054,DO2
U083055,DO2
U083059,DO2
U083119,DCBC
U083126,DO2
U083127,AP
U083128,DO3
U083152,AF
U083155,DO2
U083167,AF
U083168,DO2
U083171,DO2
U083177,DO2
U083180,DCBC
U083181,AF
U083189,DO2
U083190,AF
U083192,DC
U083194,AF
U083198,DO3
U083213,DO3
U083225,DO3
U083226,GP
U083235,DO3
U083237,AF
U083246,DO2
U083247,DC
U083252,DO2
U083256,AF
U083258,AF
U083263,DO2
U083274,AP
U083283,DCBC
U083284,DO3
U083297,DC
U083300,DO2
U083301,DCBC
U083304,DCBC
U083309,DO2
U083314,DO3
U083321,DO3
U083364,DO2
U083373,AF
U083377,DC
U083380,DO3
U083381,DO2
U083382,DO2
U083385,DC
U083386,GP
U083391,DO3
U083392,AF
U083393,DO2
U083394,AP
U083405,DO2
U083420,DO2
U083425,DCBC
U083432,DO2
U083468,AF
U083470,DO3
U083512,DCBC
U083515,DO2
U083529,DO2
U083542,AF
U083572,DO2
U083575,AFR
U083593,AF
U083601,DCBC
U083624,GD
U083632,DO2
U083635,DO3
U083637,DO2
U083649,DCBC
U083680,DO2
U083689,DC
U083695,DO3
U083703,DO2
U083707,DC
U083854,DO3
U083865,DCBC
U083867,DC
U083870,DO3
U083917,DO2
U083919,DCBC
U083931,DO2
U083937,DO2
U083938,DO2
U083940,AF
U083946,DO2
U083951,DO2
U083963,DO2
U083971,DC
U083975,AP
U083976,DO2
U083983,DO2
U083990,DO2
U083994,DCBC
U084014,DO2
U084054,DC
U084057,DO2
U084092,DGR
U084097,GD
U084117,DO2
U084122,DO2
U084130,GP
U084136,DO2
U084142,DCBC
U084184,AF
U084186,DO2
U084190,DO3
U084197,DO2
U084210,AF
U084217,DCBC
U084250,DO2
U084256,AF
U084299,DO2
U084305,AF
U084353,DO3
U084373,AP
U084395,AF
U084411,DO3
U084415,DO2
U084420,DO2
U084421,DCBC
U084444,DO2
U084475,DO3
U084476,DCBC
U084497,DO3
U084516,DO3
U084522,DO3
U084525,AP
U084527,DC
U084571,DO2
U084578,DO2
U084580,DO2
U084594,DO3
U084596,DCBC
U084598,DO3
U084604,DC
U084660,DO2
U084723,DO2
U084738,DO2
U084747,AF
U084758,DO2
U084769,DO3
U084771,DCBC
U084774,DO2
U084785,DO2
U084786,DO2
U084790,DCBC
U084808,DO2
U084816,DO3
U084878,AF
U084879,DO2
U084889,DO2
U084909,DO2
U084917,DCBC
U084961,DO2
U085109,DO2
U085146,DO2
U085181,DO2
U085204,DO2
U085330,DO3
U085331,GP
U085339,DO2
U085345,GD
U085346,DCBC
U085348,DO3
U085351,DO2
U085353,DO3
U085354,AFR
U085355,DCBC
U085363,DO3
U085373,DC
U085384,AP
U085389,DCBC
U085415,GP
U085418,DO2
U085437,DCBC
U085474,DCBC
U085476,DO3
U085481,AP
U085506,DO3
U085507,GP
U085510,DC
U085570,AF
U085614,DC
U085634,DO2
U085715,DC
U085749,DO2
U085773,DO3
U085787,DO3
U085795,DO3
U085797,DCBC
U085800,DO2
U085807,AF
U085812,DO2
U085821,DO2
U085825,DO2
U085835,AF
U085837,AF
U085847,AF
U085848,DO2
U085853,DCBC
U085855,AF
U085858,AP
U085876,DO2
U085878,DO2
U085885,DC
U085887,AF
U085889,DO2
U085893,AP
U085940,DO2
U086312,AP
U086605,AF
U086725,DC
U087505,DO2
U087862,DO2
U087866,DO3
U087982,DCBC
U087994,DO2
U088072,AP
U088073,AP
U088080,GP
U088081,DO2
U088084,AP
U088088,DO2
U088091,DO2
U088092,DO3
U088096,AF
U088097,AP
U088120,DCBC
U088160,DO2
U088167,AP
U088170,DO3
U088194,GP
U088212,DO3
U088221,DO2
U088258,DO2
U088260,DCBC
U088299,GP
U088358,DO3
U088372,AF
U088373,AF
U088378,DO2
U088525,DGR
U088569,DO2
U088676,AP
U088681,DO2
U088687,DO2
U088718,AF
U088727,DO2
U088732,GP
U088781,DO2
U088785,AF
U088789,DO3
U088790,DO3
U088805,DO2
U088807,DO2
U088808,GD
U088848,DO2
U088860,GP
U088913,DO3
U088963,DO2
U088976,DCBC
U088990,DO2
U089000,DO2
U089045,AF
U089057,DO2
U089082,DO3
U089097,AP
U089111,GP
U089112,DO3
U089117,DO2
U089139,DCBC
U089179,DO3
U089184,DO2
U089258,GP
U089267,DO3
U089282,DO2
U089425,AF
U089448,DO3
U089454,DO2
U089471,DC
U089511,DO3
U089528,GD
U089543,DCBC
U089555,DO2
U089566,DO3
U089596,DO2
U089678,DCBC
U089680,DO2
U089701,DO3
U089703,DO3
U089706,DO2
U089707,DO2
U089710,AP
U089716,AP
U089719,DCBC
U089723,AF
U089727,DO2
U089728,AF
U089730,DO3
U089735,DO3
U089752,DO3
U089759,DO2
U089770,DO2
U089783,DO2
U089784,DO3
U089791,DO2
U089840,GP
U089869,DO3
U089882,AP
U089926,DO3
U089927,DO2
U089946,DO3
U089958,GP
U090001,AFR
U090049,GD
U090055,AF
U090083,GP
U090133,DO2
U090195,AP
U090204,DC
U090211,AP
U090224,DO2
U090248,DGR
U090293,DO3
U090297,DO3
U090299,AP
U090301,DO2
U090304,DO2
U090305,DCBC
U090314,DO3
U090328,DO2
U090346,AF
U090450,DO2
U090451,DO3
U090458,AF
U090461,DO3
U090462,AP
U090466,DO3
U090472,DO2
U090475,AP
U090483,DO2
U090506,DO2
U090509,DO2
U090516,GP
U090623,DO2
U090625,AF
U090626,DO2
U090628,DO3
U090681,DC
U090685,DCBC
U090724,DO2
U090740,DO3
U090754,DO3
U090767,DC
U090778,DCBC
U090784,DO2
U090785,DO3
U090788,DO2
U090796,AF
U090797,DO2
U090799,DO2
U090800,GD
U090803,DO2
U090806,DO2
U090807,DO2
U090811,DO2
U090834,DO2
U090836,DO2
U090840,DCBC
U090862,DC
U090881,DO3
U090888,DGR
U090890,DC
U090911,DO2
U090915,DO2
U090921,DO2
U090924,DO2
U090932,DO2
U090936,AP
U090954,AP
U090956,DO3
U091025,DC
U091028,DO2
U091042,DO2
U091046,DCBC
U091077,AP
U091084,DO3
U091085,DO2
U091087,DCBC
U091093,DO2
U091094,DC
U091096,DO2
U091097,AF
U091100,DO2
U091101,DC
U091102,AF
U091108,AF
U091109,DO2
U091110,DO3
U091112,DCBC
U091114,DO2
U091123,DO2
U091128,DCBC
U091139,AP
U091151,DO2
U091161,GP
U091162,AF
U091174,DO2
U091179,AF
U091199,DC
U091202,DO2
U091227,AF
U091230,DO2
U091248,DO2
U091253,DO3
U091256,DO3
U091257,DO2
U091259,DO3
U091260,AF
U091261,DO2
U091274,DO2
U091278,AFR
U091281,GP
U091286,DO2
U091287,DO2
U091288,DC
U091295,DCBC
U091313,DO2
U091331,GP
U091333,DO2
U091337,DO2
U091343,DO2
U091357,DCBC
U091365,AP
U091376,DO2
U091377,DCBC
U091380,DO3
U091385,GP
U091387,DO2
U091482,DO2
U091499,DC
U091518,DO3
U091532,DO2
U091539,AF
U091549,DO2
U091550,DCBC
U091553,DO2
U091554,DC
U091561,DO3
U091564,DO2
U091585,GP
U091588,DO2
U091611,DO2
U091613,DO3
U091618,DO2
U091642,DO2
U091646,DO3
U091648,DC
U091652,DCBC
U091657,DCBC
U091660,DO2
U091667,AF
U091668,DO2
U091671,DO2
U091681,DO3
U091695,GP
U091701,AF
U091707,GP
U091709,AF
U091711,AF
U091729,GP
U091832,GP
U091964,DO2
U091966,DC
U091989,DO2
U091990,AF
U091991,DC
U092036,AP
U092045,GP
U092064,DO3
U092076,DO3
U092086,DO3
U092089,DO3
U092093,DC
U092100,DC
U092102,DO2
U092110,AP
U092126,DO3
U092135,GP
U092142,GD
U092150,DO3
U092152,GP
U092159,GP
U092165,AF
U092172,DO2
U092173,DO2
U092176,DO3
U092178,AP
U092182,GP
U092195,DO2
U092196,DO3
U092199,DCBC
U092200,AF
U092201,DO2
U092210,DO2
U092217,AF
U092218,DO2
U092219,DO2
U092220,DO2
U092241,DC
U092245,DO3
U092256,DC
U092261,DO2
U092270,DO3
U092273,AP
U092278,DO2
U092280,DO3
U092281,DO2
U092295,GD
U092383,DO3
U092390,DO3
U092396,GP
U092399,DO3
U092400,AF
U092401,GP
U092422,GP
U092442,DC
U092470,DO3
U092474,AF
U092488,AP
U092490,DO2
U092493,DO2
U092496,GP
U092498,DO3
U092501,DO2
U092503,DO2
U092506,DO2
U092513,AP
U092515,AF
U092519,DC
U092520,GD
U092521,DO3
U092531,AP
U092541,DO2
U092659,AF
U092661,DO2
U092670,AF
U092674,GP
U092685,AF
U092720,DO2
U092740,DO3
U092742,AF
U092745,AF
U092746,DC
U092855,AF
U092856,DO2
U092858,DCBC
U092884,AP
U092886,DO2
U092888,AP
U092954,DO2
U092957,DO2
U092960,AF
U092967,DO2
U092992,DO2
U092999,DO2
U093007,DO3
U093022,AP
U093033,DO2
U093064,DCBC
U093133,GP
U093137,AF
U093173,DO2
U093182,DO3
U093298,DO3
U093399,DO2
U093400,DO2
U093402,DO3
U093404,AF
U093407,DO3
U093411,DO3
U093412,DC
U093416,GD
U093420,DO3
U093466,AF
U093479,DO2
U093482,DO2
U093508,AF
U093520,DO3
U093523,DO2
U093578,DO3
U093582,DCBC
U093585,DO2
U093614,AF
U093646,DO3
U093650,AF
U093652,DO3
U093654,DO2
U093660,DO2
U093661,DO2
U093675,DO2
U093686,DO2
U093704,DO2
U093705,AF
U093706,AF
U093707,AF
U093708,AF
U093709,GP
U093721,DO3
U093726,DC
U093732,DO2
U093733,DC
U093743,DO2
U093755,DO2
U093758,DO2
U093760,DO3
U093768,DO2
U093774,DO2
U093778,DO2
U093779,DO3
U093794,DO2
U093819,DO
U093825,DGR
U093826,AFR
U093838,DO2
U093840,DO2
U093894,DO2
U093909,DC
U093910,DO2
U093914,DO3
U093915,DCBC
U093929,GP
U093930,DO2
U093935,AP
U093941,DO2
U093942,DO3
U093943,DO3
U093946,DO2
U093955,DO2
U093962,DC
U093965,DO2
U093968,DO2
U093984,AF
U093988,DCBC
U093989,DC
U093998,DO2
U093999,DC
U094007,DO3
U094177,DO3
U094314,DGR
U094438,DO2
U094439,DO2
U094440,DO2
U094443,DO2
U094456,DO2
U094458,DO2
U094459,DCBC
U094461,DO3
U094464,DO3
U094468,AF
U094469,GP
U094483,AF
U094486,GP
U094516,DO2
U094519,AP
U094531,DO3
U094540,DO2
U094631,GP
U094652,DO2
U094719,GP
U094728,GP
U094730,GP
U094736,DO2
U094737,DO3
U094738,DCBC
U094740,DC
U094789,DO2
U094820,DGR
U094829,DCBC
U094831,DO2
U094836,DO2
U094877,DCBC
U094879,AP
U094881,DC
U094889,AP
U094903,DO2
U094918,AP
U094919,DO2
U094921,DO2
U094931,DGR
U094932,AF
U094936,DO2
U094938,DO3
U094940,DO3
U094950,DO3
U094973,AP
U094975,AF
U094979,GD
U094981,DO2
U094983,DO2
U094988,DO2
U094990,AF
U095050,DGR
U095069,DO2
U095070,DO2
U095071,DO2
U095117,DCBC
U095143,DO2
U095146,DO3
U095147,DO3
U095149,DO2
U095152,DO3
U095153,DO2
U095159,DCBC
U095178,DO2
U095210,DC
U095211,DC
U095220,DO2
U095223,DO2
U095224,DCBC
U095267,GP
U095269,DO2
U095272,DO2
U095273,DO2
U095277,DO2
U095287,DO2
U095288,DO2
U095291,DO3
U095295,DO2
U095366,AF
U095398,AF
U095399,DCBC
U095405,DGR
U095407,AP
U095423,DO2
U095431,AP
U095465,DO2
U095468,DO2
U095469,DO2
U095479,AP
U095488,DO2
U095493,AF
U095496,DO2
U095504,DO2
U095510,DO2
U095512,DO2
U095517,DO3
U095520,AF
U095521,DO3
U095523,DCBC
U095527,DO2
U095530,GP
U095540,DO2
U095541,GD
U095543,DO2
U095546,DO3
U095549,DO2
U095576,AF
U095594,DO2
U095609,DO3
U095625,DC
U095627,DO3
U095630,DO2
U095695,AF
U095711,DO2
U095712,GP
U095726,DO2
U095755,DC
U095768,AF
U095771,AF
U095799,DO3
U095807,DO2
U095812,AF
U095827,AP
U095850,AF
U095851,DO2
U095857,DGR
U095874,DO3
U095876,DO2
U095879,DC
U095881,AP
U095886,AP
U095909,GP
U095918,AF
U095932,DO2
U095947,DO2
U096002,DO2
U096005,DO3
U096059,DO2
U096060,AF
U096079,DO2
U096110,DO3
U096162,DO3
U096166,AP
U096199,AF
U096204,DO3
U096205,DO2
U096207,AP
U096209,AP
U096210,DO3
U096221,DCBC
U096248,DC
U096313,AF
U096314,DO2
U096355,DO2
U096358,DO3
U096369,GD
U096394,GP
U096493,DO2
U096502,AF
U096557,DO3
U096711,DO2
U096740,DO2
U096742,DO2
U096743,GP
U096745,DO2
U096748,DO3
U096751,AF
U096755,DO2
U096756,DO3
U096763,AP
U096764,DO3
U096766,DC
U096767,DO2
U096778,DO2
U096782,DO2
U096788,DC
U096789,AF
U096790,DO2
U096794,DO3
U096804,DO2
U096805,DO2
U096807,DO2
U096808,DO2
U096815,DC
U096816,DO2
U096817,DO2
U096844,GP
U096845,DCBC
U096846,DO2
U096851,DO2
U096936,DO3
U096959,DC
U096978,DO2
U096979,DC
U097037,DO2
U097039,DO2
U097063,DO3
U097066,GD
U097070,GP
U097098,DO2
U097132,DO3
U097134,GP
U097141,DC
U097160,DO2
U097172,DO2
U097174,DC
U097187,DO3
U097199,DO2
U097228,DO2
U097300,DO2
U097337,DCBC
U097338,AP
U097377,GP
U097379,DO3
U097383,AF
U097384,AF
U097506,DO2
U097538,DC
U097547,AF
U097548,GP
U097602,DO2
U097605,DC
U097606,AFR
U097639,DC
U097641,DO2
U097642,DO3
U097643,DO2
U097646,DC
U097660,DO2
U097668,DO3
U097670,DO2
U097733,DCBC
U097784,DO3
U097788,DC
U097796,DO3
U097801,DO2
U097805,DO3
U097810,DC
U097817,DO3
U097820,DO2
U097894,DO2
U097897,AF
U097899,AF
U097902,DCBC
U097908,AF
U097920,AF
U097922,DO2
U097935,DO3
U097940,DO3
U097941,DC
U097969,DC
U097978,GP
U097981,DO3
U098001,DO2
U098008,DO2
U098009,DO3
U098014,DO3
U098016,DCBC
U098023,DO2
U098031,DO3
U098042,DO2
U098082,DO3
U098107,DO2
U098127,GP
U098160,GD
U098167,DO2
U098176,DO2
U098178,DO2
U098183,DO3
U098187,AF
U098193,DCBC
U098194,AP
U098197,DCBC
U098203,DO3
U098209,DC
U098213,DO3
U098218,DO2
U098220,DO2
U098223,DO2
U098250,GP
U098263,DO2
U098266,AP
U098268,DO3
U098293,DO3
U098315,DO3
U098318,GP
U098325,DO2
U098334,GP
U098349,GP
U098360,DCBC
U098361,DO3
U098371,DO3
U098374,DC
U098395,DO2
U098399,DO3
U098401,AF
U098418,DO3
U098437,DC
U098441,DO3
U098453,DC
U098457,DO3
U098458,DC
U098659,AP
U098660,DO2
U098733,DO2
U098734,AF
U098739,DO2
U098744,DO2
U098752,DO3
U098769,DO2
U098776,DO2
U098780,DO2
U098800,GP
U098804,AF
U098826,DO2
U100007,AF
U100021,DO3
U100084,GP
U100105,DO3
U100106,GP
U100107,GD
U100113,DO2
U100119,DO2
U100149,AF
U100153,DC
U100155,AF
U100159,DCBC
U100160,AF
U100176,DC
U100194,GP
U100204,DO3
U100205,AF
U100206,DO2
U100214,DC
U100216,DO2
U100218,DO2
U100219,DC
U100221,AF
U100222,AF
U100241,AP
U100245,DGR
U100246,DO2
U100247,DC
U100248,GP
U100250,DO3
U100253,DO2
U100254,DO3
U100255,AP
U100260,DGR
U100262,DO2
U100263,DO2
U100280,DO3
U100333,DO3
U100382,DO3
U100395,GP
U100397,DO2
U100412,AF
U100419,DO2
U100433,DC
U100439,DO2
U100441,DO3
U100442,DO2
U100443,DO2
U100444,DO3
U100445,DO3
U100499,DO2
U100539,DC
U100548,AF
U100560,DO2
U100575,DO2
U100577,DO3
U100578,AF
U100581,DO2
U100612,AF
U100617,DO3
U100626,DO3
U100627,AF
U100636,AF
U100642,DO2
U100652,DO2
U100662,DO2
U100665,AFR
U100668,AF
U100680,GP
U100697,AP
U100701,GP
U100710,AF
U100722,AF
U100723,DCBC
U100733,GP
U100787,DO2
U100796,DO3
U100826,DC
U100828,DC
U100851,GD
U100858,DO3
U100861,DO2
U100862,DO3
U100881,GP
U100883,DO2
U100891,AF
U100920,DGR
U100946,DO3
U100947,DC
U100997,DO3
U101043,DO2
U101048,DO2
U101062,AF
U101063,AF
U101064,GP
U101075,GP
U101099,DO2
U101150,DGR
U101151,DO2
U101157,DC
U101171,GD
U101246,GP
U101249,DO3
U101254,DO2
U101255,DCBC
U101257,DO3
U101302,DO3
U101341,AF
U101345,DO3
U101410,DO2
U101431,DO2
U101432,DGR
U101434,AF
U101438,DO2
U101441,GP
U101461,AF
U101515,GP
U101551,AF
U101552,AP
U101553,DO2
U101572,GP
U101579,AP
U101586,DO3
U101595,DO2
U101621,DO2
U101628,DO2
U101657,DCBC
U101661,GP
U101677,DO2
U101679,DC
U101688,DO3
U101689,AF
U101691,DO3
U101706,DC
U101715,DO2
U101726,AP
U101729,DO3
U101732,DO2
U101740,AP
U101744,DO3
U101745,DO2
U101761,GD
U101774,DC
U101775,DC
U101783,DGR
U101787,DC
U101788,GP
U101790,DO3
U101805,GP
U101812,DO3
U101839,GP
U101891,GD
U101892,DO2
U101921,DC
U101942,DO3
U101944,GD
U101958,GP
U101973,DO2
U102012,DO2
U102013,GP
U102021,DC
U102035,DO2
U102045,DC
U102046,DO3
U102093,AF
U102096,DC
U102142,GP
U102183,GD
U102192,GP
U102193,DO2
U102259,DC
U102275,DO2
U102284,AP
U102291,AP
U102293,DO3
U102345,GD
U102407,DO3
U102417,AF
U102472,GP
U102477,DO2
U102481,GD
U102482,DO2
U102484,DO2
U102485,DO3
U102487,AP
U102488,AP
U102489,DC
U102493,DO3
U102496,DCBC
U102503,DO3
U102526,DGR
U102532,DO2
U102538,AF
U102540,DO3
U102545,DO2
U102563,DO2
U102591,DO2
U102596,DO3
U102597,DO2
U102598,AP
U102628,GP
U102630,DO2
U102633,DC
U102652,DC
U102667,DC
U102672,DO2
U102674,DGR
U102690,GP
U102717,DO2
U102726,AP
U102727,DO3
U102734,AF
U102736,AF
U102742,GP
U102751,AF
U102756,DO2
U102759,GP
U102763,DC
U102767,DC
U102772,AF
U102774,DC
U102775,DO3
U102791,DCBC
U102794,AP
U102801,DO3
U102803,DO2
U102804,AF
U102811,DO2
U102814,DO2
U102823,DO3
U102867,GP
U102916,GP
U102927,DO2
U102931,AP
U102932,DO2
U102934,GP
U102936,AP
U102946,DO3
U102949,DGR
U102955,GD
U102966,DO3
U102971,DGR
U102977,DO2
U102979,DO3
U102980,DO3
U102997,GP
U103050,DO3
U103054,DGR
U103065,AF
U103067,DO3
U103070,DO2
U103076,AF
U103089,GP
U103097,AF
U103115,AF
U103160,DC
U103196,DO2
U103197,DO3
U103202,DO2
U103205,AP
U103212,GD
U103244,GP
U103255,DO3
U103271,DO2
U103272,AF
U103279,GD
U103311,GD
U103318,DO3
U103323,DC
U103369,GP
U103409,GP
U103448,GD
U103461,DO2
U103474,GD
U103542,AF
U103552,DO3
U103654,DO3
U103657,AF
U103660,GP
U103666,DO3
U103675,DO2
U103677,DGR
U103719,GP
U103724,DO3
U103729,DO2
U103736,DO2
U103738,GP
U103740,AF
U103741,DO3
U103744,DO2
U103758,AP
U103769,GP
U103770,GP
U103773,DC
U103774,DO2
U103784,DCBC
U103791,DC
U103792,DO2
U103799,DO3
U103800,AF
U103808,DO2
U103831,AP
U103847,DC
U103849,DO2
U103850,GD
U103865,GD
U103877,DO2
U103912,GP
U205794,AF
U206601,AF
U206855,DC
U206871,DO2
U206889,DO2
U206944,AF
U207270,AF
U207388,AF
U207546,AF
U207626,AF
U207654,AF
U207877,AF
U207907,DO3
U208408,AF
U208411,DO3
U208429,AF
U208653,DCBC
U208674,AF
U208691,AF
U208930,DCBC
U209007,AF
U209159,GD
U209292,DO2
U209322,GP
U209433,AF
U209472,DO2
U209483,DO2
U209538,AP
U209540,AP
U209847,GP
U209880,DO3
U210096,AF
U210113,AF
U210122,AF
U210179,AF
U210260,GP
U210356,AF
U210519,GP
U210534,GP
U210578,AF
U210589,AF
U210741,DC
U210759,GP
U210763,AF
U210810,DC
U210867,AF
U211859,DO3
U211929,DC
U211975,AF
U212013,AF
U212053,DO3
U212096,AF
U212203,GP
U212272,GP
U212273,GP
U212500,DCBC
U212573,GP
U212803,AF
U212950,GP
U212963,DO3
U212971,AF
U213000,GP
U213175,DO3
U213248,AF
U213258,AF
U213267,DO2
U213269,DO2
U213294,DC
U213430,AF
U213464,DO2
U213784,DO3
U213793,GP
U213868,AF
U214050,DO2
U214549,GP
U214656,GP
U214685,DCBC
U214700,AF
U214707,GP
U214709,GP
U214742,DO3
U214755,AF
U214756,DCBC
U214780,AF
U214782,DCBC
U214848,DCBC
U214899,DCBC
U214903,DO2
U214925,DO2
U215030,DO2
U215113,DO2
U215152,DO2
U215201,AF
U215202,DO3
U215234,AF
U215300,DCBC
U215315,AF
U215323,DCBC
U215332,DCBC
U215334,AP
U215344,DCBC
U215364,AF
U215370,DO2
U215373,DO2
U215376,DCBC
U215381,DCBC
U215398,DO2
U215420,DCBC
U215641,GP
U215651,DCBC
U215655,DO2
U215683,AF
U215702,DC
U215703,DO2
U215717,DO2
U215744,DCBC
U215756,GD
U215799,DO2
U215801,GP
U215821,AF
U215822,AF
U215826,DCBC
U215830,DO3
U215852,DO2
U215861,DO2
U215871,DO2
U215875,AP
U215877,AF
U215878,AP
U215881,DO3
U215903,DO2
U215906,DO2
U215910,DC
U215913,DO3
U215914,DC
U215915,DO2
U215918,DCBC
U215923,DO2
U215930,DO3
U215938,DO2
U215956,DO2
U215979,DGR
U215983,GP
U215992,DO3
U216000,DC
U216004,DCBC
U216024,DO2
U216040,DCBC
U216054,AP
U216057,DO2
U216061,AP
U216069,DO2
U216070,GP
U216072,AF
U216078,AP
U216082,AP
U216087,AF
U216088,AP
U216089,AP
U216091,DC
U216094,AP
U216098,AP
U216099,AP
U216103,AF
U216105,DO3
U216121,GD
U216122,DGR
U216123,DO2
U216141,AP
U216143,GP
U216148,AP
U216191,AF
U216193,DO2
U216196,DO3
U216197,AF
U216206,DO2
U216217,DO2
U216230,DO2
U216231,AF
U216232,GD
U216240,DO3
U216242,GP
U216248,DCBC
U216253,AF
U216255,GP
U216259,AF
U216263,DO3
U216274,AF
U220026,DO3
U220037,DO3
U220043,AP
U220051,GD
U220128,DO2
U220170,AF
U220191,AF
U220302,DO2
U220325,DO3
U220397,DO3
U220402,DO2
U220512,AF
U220648,AF
U220738,DC
U220754,DO2
U220808,AP
U220842,DO3
U220872,DO2
U220884,AF
U220913,DO2
U220975,DO2
U221011,AF
U221018,AF
U221045,DO3
U221101,DO3
U221166,DC
U221172,DO2
U221259,DO2
U221279,DO2
U221284,AF
U221325,DO3
U221327,DO2
U221361,DC
U221370,DO3
U221407,DC
U221468,DC
U221604,AF
U221664,AF
U221689,AF
U221731,AF
U221737,AF
U221761,DO2
U221906,DO3
U221920,DO2
U221942,AF
U221957,AF
U222030,DO2
U222034,GP
U222059,GD
U222069,DCBC
U222091,AF
U222098,AF
U222169,DO2
U222183,DO3
U222189,GP
U222203,DO2
U222218,AF
U222225,GP
U222293,GD
U222330,DO2
U222343,DO3
U222362,DC
U222365,DO2
U222426,DO3
U222494,DO2
U222543,GP
U222656,DO2
U222684,DO2
U222755,DO2
U222758,DO3
U222792,DC
U222814,DO2
U222917,AF
U222921,DO2
U223031,AF
U223037,DO3
U223052,AF
U223090,AF
U223102,DCBC
U223116,AF
U223158,AF
U223164,DO2
U223199,AF
U223235,DO2
U223261,DO2
U223313,AF
U223328,DO2
U223346,AF
U223387,DO2
U223515,AF
U223523,AF
U223551,DCBC
U223563,DO2
U223565,DO3
U223587,AF
U223665,AF
U223770,DC
U223792,GD
U223841,DCBC
U223909,AF
U223917,DO2
U223952,DO3
U223992,AF
U224024,DO2
U224026,AF
U224033,AF
U224044,AF
U224046,DO2
U224141,DO3
U224174,AP
U224181,DO2
U224190,AF
U224217,DO3
U224218,AF
U224244,DO3
U224252,DCBC
U224256,DO2
U224266,AF
U224329,AF
U224436,DCBC
U224442,DCBC
U224452,DO3
U224460,DO2
U230011,DO2
U230029,DO2
U230034,DO2
U230040,DO3
U230060,DO3
U230075,DO2
U230096,DO2
U230104,DCBC
U230110,DO2
U230111,DCBC
U230113,DO2
U230115,DO2
U230117,DO3
U230120,DC
U230129,DO2
U230138,AF
U230153,DO2
U230156,DO3
U230161,AP
U230172,DO3
U230179,DO2
U230187,DO2
U230199,DO2
U230280,DO2
U230321,DO3
U230326,AP
U230354,AP
U230422,DC
U230475,DO2
U230495,DC
U230596,AF
U230599,AF
U230611,DC
U230655,DO3
U230665,AP
U230693,DO3
U230700,DO2
U230705,DCBC
U230725,DO3
U230763,DO2
U230772,DCBC
U230773,DCBC
U230774,DO2
U230789,DCBC
U230791,DCBC
U230796,DC
U230819,DC
U230824,DC
U230833,DCBC
U230836,DO2
U230847,GP
U230859,AF
U230868,AF
U230872,DCBC
U230876,DO2
U230884,DO2
U230899,DO2
U230902,GD
U230910,DO2
U230926,DO2
U230938,DO2
U230940,DCBC
U230941,AF
U230956,DO2
U230989,AP
U231002,DO2
U231004,DCBC
U231007,DO2
U231016,AF
U231024,DO2
U231027,DCBC
U231032,DO2
U231037,AF
U231051,DO3
U231057,GP
U231066,DC
U231067,DO2
U231077,DCBC
U231092,DO2
U231102,DO2
U231104,DO2
U231125,DO2
U231126,DCBC
U231127,DO2
U231142,DO2
U231159,DO2
U231170,DCBC
U231178,DO3
U231184,DO2
U231222,DCBC
U231240,GP
U231253,GD
U231254,AF
U231295,DO3
U231315,DCBC
U231326,DO2
U231333,DCBC
U231337,DCBC
U231343,AP
U231364,DO2
U231373,DO2
U231377,DC
U231380,DC
U231381,DO3
U231391,DCBC
U231393,AF
U231401,AF
U231408,DO2
U231423,DC
U231426,AF
U231430,GD
U231575,DO2
U231591,AF
U231597,DO2
U231608,DO2
U231609,DO2
U231614,DO3
U231616,AF
U231619,DO2
U231623,DO2
U231630,DO2
U231632,DO2
U231636,DO2
U231637,DO2
U231639,DO2
U231642,AF
U231648,DCBC
U231653,AF
U231657,AF
U231665,DC
U231674,DO3
U231676,DO3
U231678,AP
U231679,DO3
U231688,AF
U231693,DCBC
U231699,DO2
U231702,DO2
U231706,DO3
U231707,DCBC
U231710,AF
U231714,DO3
U231716,DC
U231717,DO2
U231718,DO2
U231725,DO3
U231733,DO2
U231736,DC
U231740,DO2
U231745,GP
U231750,DO2
U231756,DO2
U231761,DO2
U231765,DO2
U231768,DCBC
U231770,DO2
U231773,DO2
U231777,DO2
U231784,DCBC
U231789,DO2
U231796,DCBC
U231801,DO3
U231805,DCBC
U231811,DO2
U231814,DO2
U231818,DO3
U231823,AF
U231829,DCBC
U231836,DO2
U231851,DCBC
U231852,AF
U231855,DO3
U231859,GD
U231860,DO2
U231888,AF
U231890,DO2
U231893,DO2
U231898,DO3
U231901,DCBC
U231913,DO2
U231915,DO2
U231919,DCBC
U231924,DO2
U231925,DO2
U231928,DO3
U231930,DO2
U231943,DO2
U231944,DCBC
U231946,DO2
U231948,GP
U231951,DCBC
U231953,DO2
U231966,DO3
U231970,AP
U231972,GP
U231975,DCBC
U231977,DC
U231983,DO2
U231987,DO2
U231989,DGR
U231990,DO2
U231996,GP
U231997,DO2
U232001,AF
U232014,DO3
U232017,DO2
U232020,DC
U232026,DO2
U232033,DC
U232035,DCBC
U232036,GP
U232039,DO2
U232046,AF
U232047,DC
U232048,GP
U232050,DO2
U232054,DGR
U232057,DO2
U232063,DO3
U232071,DO2
U232074,DO2
U232079,GD
U232080,DCBC
U232081,DO2
U232085,AF
U232086,AF
U232088,DO3
U232096,GP
U232099,DCBC
U232101,GP
U232109,DO3
U232111,GD
U232112,AP
U232116,AF
U232120,DO2
U232122,DO2
U232123,DCBC
U232125,DO2
U232126,DO2
U232131,DCBC
U232133,DO2
U232142,DO2
U232146,AF
U232147,DO2
U232155,DO2
U232170,DCBC
U232178,AF
U232185,DO2
U232195,DO2
U232214,DO2
U232215,DC
U263171,AF
U263217,AF
U263488,AFR
U263501,AF
U263505,DO2
U263508,AF
U263518,DO2
U263534,AF
U263551,AF
U263553,AF
U263554,GP
U263557,DO3
U282139,DO2
U282401,AF
U282712,DCBC
U282794,GP
U282812,AP
U282836,DCBC
U282851,AF
U282940,AF
U282977,DC
U283098,AFR
U283313,DO3
U283415,AF
U283655,DO2
U283771,AF
U283773,AF
U283959,AP
U284081,DO3
U284137,AF
U284145,GD
U284180,DO2
U284186,GD
U284274,DO2
U284508,DO2
U312913,DC
U450698,GD
U450907,DO2
U451046,GD
U451119,AF
U451127,AF
U451306,AF
U451314,DO3
U451372,GP
U451377,DO3
U451408,DO2
U451485,DO3
U451494,GP
U451510,AF
U451539,DC
U451554,DO2
U451622,DO2
U451623,DO2
U451658,GP
U451680,DO3
U451787,DO2
U451792,DO2
U451793,DO2
U451804,DO2
U451814,GD
U451825,DO2
U451826,AF
U462572,AF
U462579,AF
U500172,DO2
U500284,AF
U500305,GP
U500312,AP
U500322,DO2
U500324,AFR
U500331,DO2
U500337,GP
U500339,AF
U500342,AF
U500355,DO2
U500375,GP
U500394,DCBC
U500396,AF
U500397,DO3
U500400,DC
U500427,DO3
U500428,GP
U500434,DO2
U500440,AF
U500445,AF
U500446,AF
U500483,DO3
U500510,DO2
U500580,DO3
U500582,DGR
U500641,DO3
U500669,AF
U500674,GP
U500681,GP
U500733,DC
U500744,DO3
U500756,DO3
U500771,DC
U500772,DO2
U500773,AF
U500775,DC
U500790,AF
U500800,DO3
U500801,GD
U500806,AF
U500827,AF
U500835,DO2
U500841,GP
U500870,GP
U500871,GP
U500872,AFR
U500885,APR
U500893,DO2
U500907,AP
U500909,AP
U500923,DGR
U500925,DO2
U500930,DC
U500935,GP
U500937,AP
U500945,DO2
U500953,DC
U500955,AP
U500980,GP
U501069,DO3
U501072,DO3
U501074,DO3
U501078,DO2
U501233,AF
U501259,DO2
U501286,AFR
U501357,AF
U501429,GP
U501492,AF
U501493,GP
U501529,GP
U501534,DO3
U501559,DO3
U501655,AP
U501669,DO3
U501674,DC
U501680,GP
U501696,AF
U501711,GD
U501725,AF
U501915,DCBC
U501990,AF
U501997,AF
U502204,AF
U502214,DO2
U502434,AP
U502482,DO2
U502564,DC
U502665,GD
U502670,GD
U502733,GP
U502955,DO2
U502966,DO3
U503065,DO3
U503118,GP
U503186,DC
U503190,GP
U503357,DO2
U503785,DO3
U503807,GP
U503812,GD
U503848,GP
U503901,AF
U503958,GD
U503998,GP
U504057,AF
U504185,DO3
U504210,DO2
U504214,AF
U504216,DO3
U504226,DO3
U504228,GD
U504230,DO3
U504231,GP
U504237,AF
U504240,DO2
U504250,DO2
U504265,GP
U504278,DCBC
U504295,GP
U504330,DO3
U504403,GD
U504468,DO3
U504576,AP
U504600,DO2
U504660,DO3
U504755,DO2
U504779,DO3
U504849,DO3
U504858,DO2
U504860,DO2
U504888,GD
U504998,AF
U505079,DO3
U505307,AF
U505379,DO3
U505381,GD
U505471,GP
U505568,GD
U505619,AF
U505640,AF
U505696,AP
U505879,DO2
U505950,DO2
U505976,DGR
U506031,GP
U506088,DGR
U506095,GP
U506121,AF
U506129,GD
U506142,DO3
U506205,DO2
U506246,DO3
U506256,DO2
U506268,DO3
U506282,GP
U506297,DO2
U506308,AP
U506311,DO2
U506470,DO2
U506497,GD
U506721,DO2
U506723,AF
U506726,GP
U506772,AP
U506800,GD
U506821,AF
U506823,GP
U506856,GD
U506868,GD
U506913,AF
U506926,DO3
U507015,GP
U507067,DO3
U507093,AF
U507102,GP
U507113,DO3
U507119,DO2
U507227,DO2
U507228,AF
U507232,DO3
U507242,GP
U507251,DC
U507279,DO3
U507284,DO2
U507332,DO2
U507359,GP
U507365,DO3
U507465,AF
U507498,DO2
U507499,DC
U507517,DO3
U507577,GD
U507583,DO3
U507589,DO3
U507605,GP
U507622,GD
U507626,AP
U507668,DGR
U507785,GD
U507882,AF
U507913,DO3
U507947,DO2
U507954,DC
U507955,DO3
U508004,DO2
U508010,AF
U508014,DO2
U508078,AF
U508135,AF
U508136,DC
U508170,AP
U508172,DC
U508314,DO3
U508323,GP
U508329,GP
U508346,DO2
U508471,AF
U508472,DO3
U508473,GP
U508486,DO3
U508523,DO3
U508529,AF
U508540,GP
U508553,GP
U508571,DCBC
U508572,DO3
U508633,DO3
U508697,AF
U508741,AFR
U508750,DGR
U508753,GD
U508821,AP
U508824,DGR
U508825,DC
U508841,GP
U508862,AF
U509083,AF
U509087,GP
U509102,DC
U509123,AF
U509173,DO3
U509201,GP
U509224,GD
U509268,AF
U509328,AP
U509361,DO3
U509370,AF
U509371,AF
U509545,GP
U509598,AP
U509599,AFR
U509628,GP
U509631,DC
U509639,GP
U509644,DO2
U509646,DC
U509652,AF
U509653,DO3
U509658,DO2
U509668,AP
U509669,DC
U509885,DC
U509905,AF
U509917,AF
U509934,AF
U509987,AF
U510009,AFR
U510018,AF
U510056,AP
U510064,AF
U510067,DO3
U510260,DO2
U510263,DO3
U510281,AF
U510307,DO2
U510309,AF
U510313,DO3
U510316,AF
U510317,AP
U510319,AP
U510323,DGR
U510363,DC
U510368,GP
U510371,GP
U510375,GP
U510379,GP
U510385,AF
U510391,GP
U510414,AP
U510430,GP
U510454,AP
U510463,AF
U510465,GP
U510481,DC
U510500,DO3
U510508,DO3
U510545,DO3
U510577,AF
U510588,AF
U510606,AP
U510615,DO2
U510617,DO3
U510618,AF
U510860,GP
U510904,DO3
U510918,AF
U511039,AF
U511052,AF
U511066,AF
U511075,GP
U511344,AP
U511351,DO2
U511361,GP
U511368,DC
U511370,DO3
U511371,GD
U511574,DC
U511666,AF
U511748,GP
U511886,DO3
U511941,DO3
U512064,AF
U512130,DO3
U512133,AF
U512155,AF
U512168,DO3
U512170,AF
U512196,AF
U512199,GD
U512215,DC
U512234,AF
U512432,DO2
U512584,GP
U512590,GD
U512803,GP
U513262,AF
U513291,AF
U513313,DO3
U513316,GP
U513461,GP
U513507,GP
U513628,GP
U513630,DO3
U513632,AF
U513733,AF
U513771,GP
U513854,DO2
U514310,AF
U514316,DC
U514327,GP
U514358,DO3
U514407,DO2
U514409,GP
U514509,AF
U514674,DO2
U514676,GP
U514678,AF
U514694,DC
U514697,GD
U514736,DC
U514738,GD
U514740,GD
U514744,GD
U514768,AF
U514771,DO3
U514773,AF
U514774,DO2
U514776,AF
U514788,GD
U514791,DO3
U514797,AF
U514809,DO3
U514814,DO3
U515017,AF
U515137,AP
U515154,AP
U515155,DGR
U515158,AF
U515161,DO3
U515162,GP
U515220,AF
U515228,DGR
U515229,AF
U515329,GP
U515443,AF
U515454,GP
U515542,GP
U515581,DO3
U515590,GP
U515737,DO3
U515798,AF
U515840,AP
U515859,AP
U515861,DO2
U515880,AP
U515882,DO3
U515903,AF
U515916,DC
U515930,GP
U515959,AF
U515960,AP
U515962,GP
U515963,AF
U515967,DO2
U516038,GP
U516042,APR
U516051,GP
U516067,AF
U516073,GP
U516074,DC
U516088,AF
U516165,GP
U516173,DO3
U516186,GP
U516204,DO3
U516226,AF
U516266,AF
U516272,GP
U516273,GP
U516285,GP
U516300,GP
U516312,AF
U516314,AF
U516319,AF
U516322,GP
U516323,AF
U516325,GP
U516326,GP
U516327,AF
U516347,DO3
U516418,GD
U516468,AF
U516597,GP
U516634,AF
U516755,AF
U516763,DO3
U516795,AP
U516798,AF
U516799,AF
U516800,DO3
U516804,AF
U516813,AF
U516816,DC
U516974,AF
U516981,AF
U516982,GP
U517130,AF
U517245,AP
U517595,DGR
U517596,DGR
U517610,DO3
U517612,GP
U517616,GD
U517624,DO3
U517725,AF
U517735,DC
U517744,GP
U517922,GP
U517933,GD
U517952,AF
U517955,GD
U517963,AP
U517966,AF
U517970,AF
U517975,AF
U517981,DO3
U517989,DC
U517999,DO3
U518000,GP
U518009,AF
U518079,GP
U518080,GP
U518084,AF
U518107,GD
U518201,AF
U518290,AF
U518293,AF
U518295,DO2
U518297,DO3
U518301,DO3
U518303,AF
U518308,DO2
U518318,GD
U518328,GD
U518334,AF
U518378,AF
U518387,DGR
U518388,AF
U518389,GP
U518406,AF
U518419,GP
U518436,AF
U518443,GP
U518459,DO3
U518472,AF
U518478,GP
U518492,GD
U518507,GP
U518524,GP
U518531,GP
U518550,GP
U518659,GD
U518663,AF
U518711,GP
U518722,GP
U518735,AF
U518894,GD
U518899,GP
U518963,AF
U519263,DO3
U519442,GP
U519571,GP
U519573,DO2
U520007,DO2
U520038,GP
U520166,DO3
U520275,GD
U520283,GP
U520959,GD
U521543,GD
U521551,GP
U521600,GD
U521629,GP
U521682,DC
U521697,GD
U521705,AF
U522100,AF
U522231,DO3
U522473,GP
U522522,GD
U522552,AF
U522563,DO3
U522660,AF
U522671,GP
U522916,AF
U523988,GD
U524011,AF
U524025,AF
U524027,DO2
U524028,DO3
U524030,DO3
U524031,GP
U524041,GP
U524567,GD
U524606,DO3
U524654,GD
U524694,GD
U524752,GP
U525077,AF
U525889,AF
U526592,DO2
U526616,AP
U526660,DO3
U526665,GP
U526668,DO3
U526742,AF
U527282,GD
U529797,AF
U530271,AF
U530318,AF
U530319,AF
U531738,DO3
UA04853,AF
UA10548,GP
UA10669,AF
UA10808,AF
UA11390,AF
UA11487,AF
UA12187,GD
UA12472,DGR
UA12548,AF
UA12712,GP
UA12926,AF
UA13029,DO2
UA13091,DO2
UA13245,DO3
UA13311,AF
UA13865,DC
UA14341,DO3
UA14463,GP
UA14525,DO2
UA15554,DO3
UA15764,AF
UA16117,DO3
UA16194,AP
UA16226,DCBC
UA16624,AP
UA16725,AF
UA16756,AF
UA16975,DCBC
UA41004,DO2
UA41077,DO2
UA41209,DCBC
UA41593,DO3
UA41684,DO3
UA41688,DO3
UA41808,DO3
UA41825,DCBC
UA41833,DCBC
UA41877,DCBC
UA41959,DO3
UA42017,DCBC
UA42037,GP
UA42041,AF
UA42109,DO3
UA42232,DCBC
UA42261,DO2
UA42276,DCBC
UA42278,DCBC
UA42281,DO2
UA42432,DO2
UA42488,DCBC
UA42561,DO2
UA42654,DCBC
UA42698,DCBC
UA42789,DO3
UA42826,DO3
UA42923,DO2
UA43004,DCBC
UA43089,DO3
UA43118,DO2
UA43188,DCBC
UA43205,DO3
UA43270,DCBC
UA43342,DO3
UA43472,AP
UA43499,DCBC
UA43609,DO3
UA43642,AP
UA43744,DO3
UA43747,DO2
UA43921,DCBC
UA43925,DCBC
UA43938,DO2
UA43941,DCBC
UA43980,GD
UA44012,DO2
UA44018,DO3
UA44049,DO2
UA44078,APR
UA44093,AF
UA44486,DO3
UA44487,DCBC
UA44511,DCBC
UA44533,DO2
UA44598,DCBC
UA44701,DO2
UA44953,DC
UA45323,DCBC
UA45347,DCBC
UA45518,DO3
UA45619,DO2
UA45704,DCBC
UA45705,DO2
UA45876,DO2
UA45882,GP
UA45884,DCBC
UA68377,DCBC
UA68381,DO2
UA68460,DO2
UA68620,DCBC
UA69411,DCBC
UA70834,AF
UA70869,DCBC
UA71055,DO2
UA71256,DO3
UA71480,DO2
UA71498,DCBC
UA71764,DO2
UA72329,DO2
UA72353,GP
UA72361,DCBC
UA72362,DCBC
UA72363,DO3
UA72365,DO2
UA72371,DO3
UA72518,DO2
UA72524,DCBC
UA72532,DCBC
UA72533,DO2
UA72569,DCBC
UA72600,DO2
UA72614,DCBC
UA72616,DO2
UA72650,DCBC
UA72665,DO2
UA72730,DO2
UA72740,AF
UA72746,DO2
UA72769,DCBC
UA72807,AP
UA72908,AP
UA72957,DCBC
UA72978,DCBC
UA73036,DO2
UB18164,AF
UB19361,AF
UB20532,AF
UB21029,AF
UB21933,AF
UB22214,DO2
UB22436,DO3
UB22530,AP
UB22670,AF
UB24199,DO2
UB25006,AF
UB25420,DO3
UB25427,AF
UB25685,DC
UB25752,GP
UB25936,AF
UB27238,AF
UB27434,GP
UB27851,DC
UB27965,DC
UB28301,DO2
UB28432,AF
UB28500,DO2
UB28703,AF
UB28704,AF
UB28854,AF
UB28995,GP
UB29094,AF
UB29172,AF
UB29204,DO3
UB29217,DO2
UB29429,AF
UB29438,AF
UB29482,DC
UB29544,AF
UB29566,DO3
UB29573,DO3
UB29809,DCBC
UB29964,AF
UB30123,DO3
UB30624,DC
UB30651,AF
UB30823,DC
UB30947,DO3
UB31024,DO3
UB32430,DCBC
UB32547,AP
UB32616,DO2
UB32668,DO2
UB32862,AF
UB33244,AF
UB33271,DO3
UB33356,AF
UB33508,DCBC
UB33592,AF
UB33921,AF
UB34082,DO3
UB34218,AF
UB35240,GP
UB36109,DO2
UB36112,GD
UB36143,DO3
UB36166,DO3
UB36352,DO2
UB36546,DO2
UB36670,AF
UB36700,DO2
UB36703,DO2
UB36710,DO2
UB36731,DO2
UB36805,DO3
UB36863,DC
UB36952,AP
UB36987,AF
UB37327,DC
UB37366,AF
UB37367,DO3
UB37433,DO2
UB37574,AF
UB37841,AF
UB37948,AF
UB37953,AF
UB38212,AP
UB38351,AF
UB38701,DO2
UB38725,GP
UB38763,AP
UB38827,GP
UB38839,GD
UB38961,GD
UB39041,DO2
UB39087,DO2
UB39090,DO3
UB39367,DO3
UB39371,DO2
UB39485,DCBC
UB39527,DCBC
UB39686,DO2
UB39787,DCBC
UB39933,DO2
UB40035,DO2
UB40063,AF
UB40079,DO3
UB40081,DCBC
UB40226,DO2
UB40242,AF
UB40315,DCBC
UB40317,DO2
UB40325,DO2
UB40425,DO2
UB40688,DC
UB40812,DO2
UB41186,DO3
UB44405,DO3
UC70543,DCBC
UC70728,DO2
UC70732,GP
UC70735,DC
UC70766,DO2
UC70783,GP
UC70801,GD
UC70806,AF
UC70846,DO2
UC70883,DO3
UD63317,AF
UD63383,DCBC
UD63429,DO2
UD63433,DCBC
UD63436,DCBC
UE04277,AF
UE23166,AF
UE30236,AP
UE30860,AP
UE30924,AF
UE30949,DO3
UE30964,DCBC
UE31003,AF
UE31021,AF
UE31069,DO2
UF03894,GP
UF04354,DO3
UH20032,DO2
UH24133,AF
UH27077,AF
UH27589,AF
UH29754,AF
UH34157,GP
UH35722,DO2
UH36093,DCBC
UH37486,GD
UH37661,DO2
UH38824,AP
UH39385,DO3
UH40047,AF
UH40316,DO2
UH40883,AF
UH43321,AP
UH43528,DO2
UH43680,DCBC
UH43792,DCBC
UH43873,DO2
UH44085,GP
UH44160,DO2
UH44430,DC
UH44502,DC
UH44759,AF
UH44770,DO2
UH44831,AF
UH44832,GP
UH44869,GP
UH44891,GP
UH44909,DO3
UH44912,DO2
UH44915,DO2
UH44919,DO2
UH45303,DCBC
UH50061,AF
UH50141,AF
UH50179,GP
UH74179,GP
UN20939,AP
UN30630,AP
UZ44403,AF
